gh_bench,gh_col,gh_row,Tag,treatment,leaf_length,true_leaves,new _code_needed? ,INTRA,MAPLE,,,Helper/date
,,,,,,,,comp_number,maple_leaf length,maple_height,maple_#_leaves,Mia and Rich (with Caliper) 
1,3,1,e|WSSWM3-3-80|V|i163,a,8.5,3,n,,,,,Mia and Rich (with Caliper) 
1,4,1,a|JBBLB2-1-20|Q|194,m,13,2,n,,36.5,86,2,Mia and Rich (with Caliper) 
1,5,1,a|MAVBEL2-1-20|N|308,a,12,3,y,,,,,Mia and Rich (with Caliper) 
1,6,1,a|CWRIC2-X2|Q|100,m,3,2,y,,12,106,2,Mia and Rich (with Caliper) 
1,1,2,c|SMITH1-20|Q|468,m,4,2,y,,41,95.5,2,Mia and Rich (with Caliper) 
1,2,2,c|DVGM-20|Q|119,a,8,3,n,,,,,Mia and Rich (with Caliper) 
1,3,2,d|MAVBEL2-1-20|N|321,a,13,3,n,,,,,Mia and Rich (with Caliper) 
1,4,2,c|JARI1-1-80|Q|177,a,12,2,n,,,,,Mia and Rich (with Caliper) 
1,5,2,d|NSLJU1-4-0|V|i142,a,12,3,n,,,,,Mia and Rich (with Caliper) 
1,6,2,c|EFCC2-4-80|Q|149,a,12,2,,,,,,Mia and Rich (with Caliper) 
1,1,3,e|JWBOY-2-80|Q|269,m,18,3,,,53,99,1,Mia and Rich (with Caliper) 
1,2,3,b|SMAKC1-B|N|436,m,11,4,y,,33,75,2,Mia and Rich (with Caliper) 
1,3,3,d|CRSOSO-3-40|Q|66,a,12,3,,,,,,Mia and Rich (with Caliper) 
1,4,3,e|JWBOY-2-80|Q|268,m,13,3,y,,35,104,2,Mia and Rich (with Caliper) 
1,5,3,e|WSSWM3-1-0|Q|575,m,14,2,,,25,74,2,Mia and Rich (with Caliper) 
1,6,3,a|SMAKC1-B|N|433,gm,14,4,,85,,,,Mia and Rich (with Caliper) 
1,6,3,a|SMITH1-20|Q|451,gm,13,3,,85,,,,Mia and Rich (with Caliper) 
1,2,4,d|CRSOSO-3-40|Q|62,a,15,3,,,,,,Mia and Rich (with Caliper) 
1,4,4,d|MSMID1-1-20|Q|390,m,6,2,,,34,77,2,Mia and Rich (with Caliper) 
1,5,4,e|BWPEM1-9-0|Q|28,a,11,2,,,,,,Mia and Rich (with Caliper) 
1,6,4,b|EFCC2-4-80|Q|142,a,7,2,,,,,,Mia and Rich (with Caliper) 
1,3,5,d|JARI1-1-80|Q|178,m,7,2,,,25,103,2,Mia and Rich (with Caliper) 
1,4,5,c|KVEDG1-1-80|Q|283,m,4,2,y,,49,130,2,Mia and Rich (with Caliper) 
1,5,5,a|CBMCK1-1-0|N|36,m,7,2,y,,24,87,2,Mia and Rich (with Caliper) 
1,6,5,a|JARI1-1-80|Q|163,gm,4,2,,24,,,,Mia and Rich (with Caliper) 
1,6,5,e|RULEB1-20|N|427,gm,13,4,,24,,,,Mia and Rich (with Caliper) 
1,6,6,e|PDVRT1-20|Q|419,a,12,2,,,,,,Mia and Rich (with Caliper) 
1,5,6,c|KVEDG1-1-80|Q|290,m,10,2,,,31,92,2,Mia and Rich (with Caliper) 
1,4,6,b|EFCC2-4-80|Q|140,m,10,3,y,,20,72,2,Mia and Rich (with Caliper) 
1,6,7,a|NSLJU1-4-0|V|i137,a,13,3,,,,,,Mia and Rich (with Caliper) 
1,5,7,a|MAVBEL2-1-20|N|306,a,13,3,,,,,,Mia and Rich (with Caliper) 
1,6,8,c|MHBUR1-4-20|Q|349,a,9,2,y,,,,,Mia and Rich (with Caliper) 
1,5,8,c|CWRIC2-X2|Q|92,m,10,2,y,,46,95,2,Mia and Rich (with Caliper) 
1,4,8,b|VRCAN-1-40|Q|483,m,13,2,,,39,75,2,Mia and Rich (with Caliper) 
1,5,9,a|JWBOY-2-80|Q|251,gm,11,3,,29,,,,Mia and Rich (with Caliper) 
1,5,9,d|JARI1-1-80|Q|182,gm,14,2,,29,,,,Mia and Rich (with Caliper) 
1,4,9,d|VSGARO1-1-0|Q|542,a,15,2,,,,,,Mia and Rich (with Caliper) 
1,6,10,d|KVEDG1-1-80|Q|295,m,9,3,,,34,90,4,Mia and Rich (with Caliper) 
1,5,10,d|VSGARO1-1-0|Q|540,m,4,2,y,,48,69,2,Mia and Rich (with Caliper) 
1,4,10,b|DVGM-20|Q|113,a,9,3,,,,,,Mia and Rich (with Caliper) 
1,6,11,d|SMAKC1-B|N|445,m,12,3,,,30,116,4,Mia and Rich (with Caliper) 
1,5,11,b|JARI1-1-80|Q|169,m,11,2,,,39,118,2,Mia and Rich (with Caliper) 
1,4,11,b|MHNAT1-2-0|Q|358,m,10,2,,,34,64,2,Mia and Rich (with Caliper) 
1,6,12,b|CRSOSO-3-40|Q|75,m,12,3,,,34,75,2,Mia and Rich (with Caliper) 
1,5,12,e|BWPEM1-9-0|Q|31,a,6,2,,,,,,Mia and Rich (with Caliper) 
1,4,12,e|CRSOSO-3-40|Q|54,a,15,3,,,,,,Mia and Rich (with Caliper) 
1,6,13,e|JARI1-1-80|Q|189,m,13,2,,,41,77,2,Mia and Rich (with Caliper) 
1,5,13,a|WSSWM3-1-0|Q|556,a,14,2,y,,,,,Mia and Rich (with Caliper) 
1,4,13,a|VRCAN-1-40|Q|489,a,9,3,y,,,,,Mia and Rich (with Caliper) 
1,6,14,a|JARI1-1-80|Q|162,gm,3,2,,23,,,,Mia and Rich (with Caliper) 
1,6,14,b|VRCAN-1-40|Q|490,gm,10,2,,23,,,,Mia and Rich (with Caliper) 
1,5,14,a|WSSWM3-1-0|Q|552,a,10,2,y,,,,,Mia and Rich (with Caliper) 
1,4,14,a|WSSWM3-1-0|Q|555,m,4,2,,,27,90,2,Mia and Rich (with Caliper) 
1,6,15,d|CRSOSO-3-40|Q|63,m,11,3,,,34,62,2,Mia and Rich (with Caliper) 
1,5,15,e|SEBRN-1-20|N|i152,a,8,3,y,,,,,Mia and Rich (with Caliper) 
1,4,15,a|SMITH1-20|Q|456,m,12,3,y,,35,85,2,Mia and Rich (with Caliper) 
1,6,16,c|NSLJU1-4-0|V|i141,a,12,1,,,,,,Mia and Rich (with Caliper) 
1,5,16,e|EFCC2-4-80|Q|157,m,9,3,,,12,78,2,Mia and Rich (with Caliper) 
1,4,16,d|MAVBEL2-1-20|N|325,m,15,3,,,21,92,2,Mia and Rich (with Caliper) 
1,6,17,c|MHBUR1-4-20|Q|352,a,14,3,y,,,,,Mia and Rich (with Caliper) 
1,5,17,a|MHBUR1-4-20|Q|337,m,10,2,,,56,103,2,Mia and Rich (with Caliper) 
1,4,17,e|BWPEM1-9-0|Q|29,a,11,2,,,,,,Mia and Rich (with Caliper) 
1,6,18,e|CRSOSO-3-40|Q|51,a,11,3,,,,,,Mia and Rich (with Caliper) 
1,5,18,b|MSMID1-1-20|Q|378,m,12,2,,,31,58,2,Mia and Rich (with Caliper) 
1,4,18,a|SMITH1-20|Q|450,m,13,3,,,43,96,4,Mia and Rich (with Caliper) 
1,6,19,e|JARI1-1-80|Q|190,m,13,2,,,22,79,2,Mia and Rich (with Caliper) 
1,5,19,d|VRPET2-3-20|Q|506,m,7,2,y,,45,57,2,Mia and Rich (with Caliper) 
1,1,1,e|VSGARO1-1-0|Q|547,gm,9,2,,78,,,,Mia and Rich (with Caliper) 
1,1,1,c|VRCAN-1-40|Q|494,gm,9,2,,78,,,,Mia and Rich (with Caliper) 
1,3,1,d|VRCAN-1-40|Q|500,m,12,2,y,,41,80,2,Mia and Rich (with Caliper) 
1,1,4,d|DSGAR1-3-60|V|i120,a,13,3,y,,,,,Mia and Rich (with Caliper) 
1,1,5,a|SMITH1-1-0|Q|i154,a,12,2,,,,,,Mia and Rich (with Caliper) 
1,2,5,b|SEBRN-1-20|N|i151,a,6,2,,,,,,Mia and Rich (with Caliper) 
1,1,6,b|VRCAN-1-40|Q|487,m,10,2,,,14,58,2,
1,2,6,d|CBMCK1-2-80|N|i109,a,10,2,y,,,,,
1,3,6,e|JWBOY-2-80|Q|266,a,11,4,,,,,,
1,1,7,d|NSRIB1-2-40|V|i144,a,7,2,,,,,,
1,2,7,c|MHBUR1-4-20|Q|340,m,11,2,y,,32,88,2,
1,3,7,b|WSSWM3-1-0|Q|560,m,10,3,y,,22,69,2,
1,1,8,a|SEBRN-1-20|N|i145,a,9,4,,,,,,
1,2,8,e|JARI1-1-80|Q|187,a,11,2,,,,,,
1,3,8,c|JARI1-1-80|Q|173,a,10,2,,,,,,
1,1,9,a|MHBUR1-4-20|Q|338,m,6,2,,,23,76,2,
1,2,9,b|MHBUR1-4-20|Q|354,a,5,2,y,,,,,
1,3,9,a|KVEDG1-1-80|Q|274,a,3,2,,,,,,
1,1,10,a|SMITH1-1-0|Q|i153,a,11,2,,,,,,
1,2,10,c|JBCHY1-1-50|Q|235,a,10,2,,,,,,
1,3,10,c|CWRIC2-X2|Q|95,a,6,2,,,,,,
1,1,11,b|PDVRT1-20|Q|406,a,8,3,,,,,,
1,2,11,c|SMAKC1-B|N|441,gm,11,4,,28,,,,
1,2,11,d|JARI1-1-80|Q|179,gm,12,2,,28,,,,
1,3,11,e|JWBOY-2-80|Q|267,a,12,3,,,,,,
1,1,12,b|DVGM-20|Q|114,m,9,2,y,,35,90,2,
1,3,12,d|JBCHY1-1-50|Q|238,gm,0,0,,76,,,,
1,3,12,d|JWBOY-2-80|Q|255,gm,11,3,,76,,,,
1,1,13,e|WSSWM3-1-0|Q|576,m,11,2,y,,41,96,2,
1,2,13,e|BWPEM1-9-0|Q|32,a,8,2,y,,,,,
1,3,13,b|MSMID1-1-20|Q|377,a,11,2,,,,,,
1,1,14,c|VRCAN-1-40|Q|498,m,16,3,,,20,62,2,
1,2,14,d|JWBOY-2-80|Q|261,a,12,3,,,,,,
1,3,14,b|MAVBEL2-1-20|N|312,m,8,3,y,,22,120,2,
1,1,15,d|MSMID1-1-20|Q|391,m,4,2,,,44,102,2,
1,2,15,e|SMITH1-1-0|Q|i159,a,6,2,,,,,,
1,3,15,c|MHBUR1-4-20|Q|344,m,8,3,y,,23,84,2,
1,1,16,b|CWRIC2-X2|Q|86,a,11,2,,,,,,
1,2,16,b|CRSOSO-3-40|Q|77,a,6,3,y,,,,,
1,1,17,b|CWRIC2-X2|Q|88,a,9,2,y,,,,,
1,2,17,e|JWBOY-2-80|Q|264,m,19,3,y,,25,76,2,
1,3,17,b|NSLJU1-4-0|V|i140,a,12,3,y,,,,,
1,1,18,b|MBSGF1-X1|N|i134,a,9,3,,,,,,
1,2,18,e|MAVBEL2-1-20|N|330,a,14,3,,,,,,
1,3,18,c|WSSWM3-1-0|Q|567,m,10,2,,,35,93,2,
1,1,19,c|MHBUR1-4-20|Q|335,m,13,3,y,,47,95,2,
1,2,19,c|MSMID1-1-20|Q|383,a,12,2,,,,,,
1,3,19,b|SMAKC1-B|N|438,a,15,3,,,,,,
2,1,1,a|VRPET2-3-20|Q|508,m,15,3,y,,46,116,2,
2,2,1,d|CRSOSO-3-40|Q|65,m,6,3,,,35,98,2,
2,3,1,a|KVEDG1-1-80|Q|276,a,13,3,y,,,,,
2,2,2,c|JBCHY1-1-50|Q|243,m,0,0,y,,34,113,2,
2,3,2,a|JWBOY-2-80|Q|257,m,14,3,y,,33,85,2,
2,1,3,a|WSSWM3-1-0|Q|553,m,16,2,,,30,85,2,
2,2,3,b|WSSWM3-1-0|Q|557,a,5,2,,,,,,
2,3,3,a|CWRIC2-X2|Q|83,a,11,2,,,,,,
2,1,4,b|VRCAN-1-40|Q|488,a,23,2,y,,,,,
2,2,4,a|SMAKC1-B|N|431,a,15,3,,,,,,
2,3,4,e|VSGARO1-1-0|Q|546,m,0,0,,,47,122,2,
2,1,5,a|CRSOSO-3-40|Q|56,a,9,2,y,,,,,
2,2,5,a|WSSWM3-1-0|Q|559,m,7,2,y,,27,144,2,
2,3,5,c|JWBOY-2-80|Q|252,a,16,2,y,,,,,
2,1,6,e|DVGM-20|Q|131,a,13,4,,,,,,
2,2,6,e|MAVBEL2-1-20|N|329,m,12,3,,,14,64,2,
2,3,6,c|VRCAN-1-40|Q|495,m,9,2,,,37,109,2,
2,1,7,b|JBBLB2-1-20|Q|202,m,0,0,,,43,94,2,
2,2,7,c|VRPET2-3-20|Q|520,m,12,4,y,,44,90,2,
2,3,7,d|VRPET2-3-20|Q|530,gm,11,2,,72,,,,
2,3,7,a|MSMID1-1-20|Q|370,gm,14,2,,72,,,,
2,1,8,d|BWPEM1-9-0|Q|17,a,12,2,,,,,,
2,3,8,b|JBBLB2-1-20|Q|204,a,2,1,,,,,,
2,1,9,e|JBBLB2-1-20|Q|218,a,15,2,,,,,,
2,2,9,b|JARI1-1-80|Q|167,m,13,2,,,39,67,2,
2,3,9,d|DVGM-20|Q|121,a,13,3,,,,,,
2,1,10,d|MSMID1-1-20|Q|396,a,14,2,y,,,,,
2,2,10,b|JKFRS1-6-0|V|i121,a,13,3,,,,,,
2,3,10,c|WSSWM3-1-0|Q|564,a,14,2,y,,,,,
2,1,11,c|VRCAN-1-40|Q|496,a,20,3,y,,,,,
2,2,11,b|VRCAN-1-40|Q|484,a,5,2,y,,,,,
2,3,11,b|CRSOSO-3-40|Q|73,gm,8,3,,88,,,,
2,3,11,b|MHBUR1-4-20|Q|346,gm,8,2,,88,,,,
2,1,12,a|CRSOSO-3-40|Q|58,gm,11,2,,68,,,,
2,1,12,d|VRPET2-3-20|Q|527,gm,8,3,,68,,,,
2,2,12,f|JBCHY1-1-50|Q|246,m,9,3,,,48,89,2,
2,1,13,b|CRSOSO-3-40|Q|76,m,10,3,,,42,86,2,
2,2,13,b|CRSOSO-3-40|Q|78,m,11,2,,,47,108,4,
2,3,13,d|VRPET2-3-20|Q|514,a,0,0,y,,,,,
2,1,14,c|JARI1-1-80|Q|175,m,12,2,,,35,92,2,
2,2,14,a|NSLJU1-4-0|V|i139,a,11,3,,,,,,
2,3,14,c|BWPEM1-9-0|Q|11,m,14,2,,,33,107,2,
2,1,15,e|WSSWM3-1-0|Q|572,a,13,2,y,,,,,
2,2,15,a|DVGM-20|Q|108,m,12,3,y,,33,115,2,
2,3,15,a|DVGM-20|Q|103,a,16,3,,,,,,
2,1,16,c|EFCC2-4-80|Q|148,a,17,2,y,,,,,
2,2,16,c|JBBLB2-1-20|Q|208,m,15,2,y,,29,124,2,
2,3,16,d|MAVBEL2-1-20|N|320,m,11,3,y,,29,75,2,
2,2,17,d|SMAKC1-B|N|443,gm,13,3,,66,,,,
2,2,17,e|PDVRT1-20|Q|415,gm,14,3,,66,,,,
2,3,17,b|MHBUR1-4-20|Q|353,a,8,2,y,,,,,
2,1,18,d|VRPET2-3-20|Q|525,a,12,2,y,,,,,
2,2,18,b|SMITH1-20|Q|462,gm,10,3,,26,,,,
2,2,18,a|JARI1-1-80|Q|159,gm,7,2,,26,,,,
2,3,18,d|SEBRN-1-20|N|i150,a,9,3,,,,,,
2,1,19,d|SMAKC1-B|N|435,m,17,4,y,,34,88,2,
2,2,19,b|VRPET2-3-20|Q|512,a,6,2,y,,,,,
2,3,19,e|VRCAN-1-40|Q|503,gm,14,3,,79,,,,
2,3,19,c|MHBUR1-4-20|Q|341,gm,6,2,y,,,,,
2,1,20,c|VRPET2-3-20|Q|519,a,5,4,,,,,,
2,2,20,d|VRPET2-3-20|Q|518,a,0,0,,,,,,
2,3,20,d|SMITH1-20|Q|474,m,2,2,,,36,99,1,
2,1,21,d|JWBOY-2-80|Q|260,m,15,3,y,,29,135,4,
2,2,21,a|DVGM-20|Q|105,gm,12,4,,59,,,,
2,2,21,c|VRCAN-1-40|Q|491,gm,1,2,,,,,,
2,6,1,d|JBBLB2-1-20|Q|213,a,10,2,,,,,,
2,5,1,c|JBCHY1-1-50|Q|230,a,10,2,,,,,,
2,4,1,c|JBCHY1-1-50|Q|229,gm,5,2,,37,,,,
2,4,1,b|MAVBEL2-1-20|N|311,gm,15,3,,,,,,
2,5,2,b|VRCAN-1-40|Q|481,gm,9,2,,80,,,,
2,5,2,e|MHNAT1-2-0|Q|365,gm,13,2,,80,,,,
2,4,2,d|EFCC2-4-80|Q|155,m,17,2,,,54,91,2,
2,6,3,d|CBMCK1-3-60|N|i114,a,12,3,,,,,,
2,5,3,c|SMITH1-20|Q|466,gm,16,3,,32,,,,
2,5,3,a|MAVBEL2-1-20|N|309,gm,17,3,,32,,,,
2,4,3,f|JBCHY1-1-50|Q|249,m,16,3,,,41,71,2,
2,6,4,b|DVGM-20|Q|112,m,10,3,y,,34,82,2,
2,4,4,a|RULEB1-20|N|421,a,12,3,,,,,,
2,6,5,d|CRSOSO-3-40|Q|64,m,13,3,y,,46,81,2,
2,5,5,a|SEBRN-1-20|N|i147,a,9,3,,,,,,
2,4,5,e|JWBOY-2-80|Q|270,a,20,3,,,,,,
2,6,6,e|MSMID1-1-20|Q|601,a,10,2,y,,,,,
2,5,6,c|SEBRN-1-20|N|i148,a,11,3,y,,,,,
2,4,6,c|DVGM-20|Q|115,m,18,3,,,37,88,2,
2,6,7,e|JARI1-1-80|Q|191,a,12,2,,,,,,
2,5,7,a|JARI1-1-80|Q|160,gm,15,2,y,27,,,,
2,5,7,d|MHBUR1-4-20|Q|351,gm,7,2,,27,,,,
2,4,7,d|SMITH1-20|Q|472,gm,15,2,y,82,,,,
2,4,7,b|MHBUR1-4-20|Q|347,gm,9,2,,82,,,,
2,6,8,c|MSMID1-1-20|Q|394,a,11,2,y,,,,,
2,4,8,b|MAVBEL2-1-20|N|315,m,11,3,,,22,80,2,
2,6,9,c|WSSWM3-1-0|Q|566,a,12,2,,,,,,
2,5,9,e|SMITH1-1-0|Q|i160,a,9,3,y,,,,,
2,4,9,d|JARI1-1-80|Q|184,m,10,2,y,,39,8,2,
2,6,10,c|SMITH1-20|Q|470,a,13,2,,,,,,
2,5,10,e|PDVRT1-20|Q|418,m,13,3,,,31,72,2,
2,4,10,a|JBBLB2-1-20|Q|195,m,14,3,,,22,77,2,
2,6,11,b|VRPET2-3-20|Q|515,a,5,3,,,,,,
2,5,11,b|VRPET2-3-20|Q|509,gm,4,3,,71,,,,
2,5,11,a|CWRIC2-X2|Q|82,gm,14,2,,71,,,,
2,4,11,d|BWPEM1-9-0|Q|20,m,18,2,y,,37,78,2,
2,6,12,c|JARI1-1-80|Q|176,a,18,2,y,,,,,
2,5,12,f|JBCHY1-1-50|Q|245,a,3,3,,,,,,
2,4,12,e|JKFRS1-6-0|V|i122,a,9,3,,,,,,
2,6,13,a|JBBLB2-1-20|Q|199,m,11,2,,,38,57,2,
2,5,13,b|SMITH1-20|Q|464,m,12,3,y,,16,72,2,
2,4,13,c|VRCAN-1-40|Q|497,m,13,2,,,48,93,2,
2,6,14,b|SMITH1-20|Q|463,a,7,3,,,,,,
2,5,14,c|JBCHY1-1-50|Q|225,a,7,2,y,,,,,
2,4,14,e|DVGM-20|Q|130,m,10,3,,,28,89,2,
2,6,15,d|SMITH1-20|Q|473,m,0,0,,,54,132,2,
2,5,15,a|DVGM-20|Q|104,a,8,2,y,,,,,
2,6,16,c|CWRIC2-X2|Q|93,a,12,2,,,,,,
2,5,16,c|JBBLB2-1-20|Q|209,m,23,2,,,44,113,2,
2,4,16,f|JBCHY1-1-50|Q|247,m,8,3,,,27,64,2,
2,5,17,a|LGESC1-3-60|V|i123,a,15,3,,,,,,
2,4,17,a|CWRIC2-X2|Q|99,a,6,2,y,,,,,
2,6,18,a|CWRIC2-X2|Q|79,a,10,2,,,,,,
2,5,18,c|JBCHY1-1-50|Q|231,m,2,2,,,36,112,2,
2,4,18,b|JARI1-1-80|Q|165,a,16,2,,,,,,
2,6,19,b|SMITH1-20|Q|459,m,7,3,y,,27,101,2,
2,5,19,b|JBBLB2-1-20|Q|205,a,0,0,,,,,,
2,4,19,a|DVGM-20|Q|109,gm,13,4,,58,,,,
2,4,19,a|MSMID1-1-20|Q|368,gm,15,2,y,58,,,,
2,6,20,a|SEBRN-1-20|N|i146,a,5,4,,,,,,
2,5,20,e|WSSWM3-1-0|Q|574,a,14,2,,,,,,
2,4,20,e|SMITH1-20|Q|475,m,21,2,,,38,99,2,
2,6,21,d|JBBLB2-1-20|Q|197,a,0,0,y,,,,,
2,5,21,d|EFCC2-4-80|Q|154,a,12,2,,,,,,
2,4,21,d|CWRIC2-X2|Q|98,m,13,3,,,44,92,2,
4,3,14,d|KVEDG1-1-80|Q|298,gm,11,2,,21,,,,
4,3,14,a|SMITH1-20|Q|48,gm,5,3,y,21,,,,
4,1,15,d|DVGM-20|Q|126,a,13,3,,,,,,
4,3,15,c|CBMCK1-1-0|N|42,a,18,3,,,,,,
4,1,16,c|KVEDG1-1-80|Q|291,gm,16,2,,18,,,,
4,1,16,a|SMAKC1-B|N|434,gm,19,3,,18,,,,
4,2,16,d|CBMCK1-3-60|N|i115,a,12,3,,,,,,
4,3,16,e|RULEB1-20|N|430,gm,19,4,,20,,,,
4,3,16,c|KVEDG1-1-80|Q|293,gm,3,2,,20,,,,
4,1,17,d|JWBOY-2-80|Q|256,gm,12,3,y,91,,,,
4,1,17,b|RULEB1-20|N|423,gm,16,3,,91,,,,
4,2,17,e|BWPEM1-9-0|Q|30,a,5,2,,,,,,
4,3,17,b|PDVRT1-20|Q|405,gm,13,3,,67,,,,
4,3,17,a|MHBUR1-4-20|Q|334,gm,13,3,,67,,,,
4,1,18,a|BWPEM1-9-0|Q|3,a,11,2,,,,,,
4,3,18,d|SMITH1-20|Q|471,gm,15,3,,83,,,,
4,3,18,d|MHNAT1-2-0|Q|362,gm,9,2,,83,,,,
4,1,19,e|SMAKC1-B|N|447,a,18,3,y,,,,,
4,2,19,a|PDVRT1-20|Q|402,gm,15,3,,62,,,,
4,2,19,a|VSGARO1-1-0|Q|534,gm,18,3,,62,,,,
4,3,19,b|SMAKC1-B|N|444,a,17,4,y,,,,,
4,1,20,e|JWBOY-2-80|Q|265,a,19,3,,,,,,
4,2,20,b|JBBLB2-1-20|Q|206,m,11,3,,,35,75,4,
4,3,20,e|JBBLB2-1-20|Q|220,a,0,0,y,,,,,
4,1,21,a|DVGM-20|Q|106,gm,13,4,,60,,,,
4,1,21,a|SMITH1-20|Q|449,gm,10,2,,60,,,,
4,2,21,b|VRCAN-1-40|Q|482,m,6,2,,,24,65,2,
4,3,21,d|CRSOSO-3-40|Q|61,gm,14,3,,84,,,,
4,3,21,a|SMITH1-20|Q|455,gm,15,2,,84,,,,
4,1,22,d|VRCAN-1-40|Q|501,a,9,2,,,,,,
4,3,22,f|JBCHY1-1-50|Q|248,a,11,2,y,,,,,
3,4,1,b|JARI1-1-80|Q|172,m,10,1,y,,40,84,2,May 17 1736
3,5,1,a|PDVRT1-20|Q|398,gm,8,3,,64,,,,May 17 1737
3,5,1,b|CBMCK1-1-0|N|40,gm,11,2,y,64,,,,May 17 1738
3,6,1,a|CBMCK1-1-0|N|35,m,18,3,,,26,83,2,May 17 1739
3,4,2,e|JBBLB2-1-20|Q|221,a,10,3,,,,,,May 17 1740
3,5,2,b|PDVRT1-20|Q|407,a,15,3,,,,,,May 17 1741
3,6,2,d|VSGARO1-1-0|Q|538,a,22,2,,,,,,May 17 1742
3,4,3,b|SMAKC1-B|N|440,a,20,3,y,,,,,May 17 1743
3,5,3,d|VRPET2-3-20|Q|529,gm,11,3,,70,,,,May 17 1744
3,5,3,c|JWBOY-2-80|Q|259,gm,10,3,,70,,,,May 17 1745
3,6,3,c|JBCHY1-1-50|Q|234,m,10,2,,,30,91,2,May 17 1746
3,4,4,d|EFCC2-4-80|Q|156,m,11,2,y,,49,107,4,May 17 1747
3,5,4,d|EFCC2-4-80|Q|153,a,14,2,,,,,,May 17 1748
3,6,4,b|EFCC2-4-80|Q|143,gm,7,4,,47,,,,May 17 1749
3,6,4,a|SMITH1-20|Q|453,gm,13,3,,47,,,,May 17 1750
3,4,5,c|MSMID1-1-20|Q|385,a,13,2,,,,,,May 17 1751
3,5,5,d|DVGM-20|Q|122,m,14,3,,,27,64,2,May 17 1752
3,6,5,b|CBMCK1-1-0|N|38,a,11,4,,,,,,May 17 1753
3,4,6,b|CWRIC2-X2|Q|89,m,10,3,,,33,65,2,May 17 1754
3,5,6,a|MAVBEL2-1-20|N|307,gm,10,3,,39,,,,May 17 1755
3,5,6,a|CWRIC2-X2|Q|81,gm,6,2,,39,,,,May 17 1756
3,6,6,b|MAVBEL2-1-20|N|310,gm,17,4,,34,,,,May 17 1757
3,6,6,a|VRPET2-3-20|Q|505,gm,9,3,,34,,,,May 17 1758
3,4,7,a|JARI1-1-80|Q|158,gm,9,2,,25,,,,May 17 1759
3,4,7,b|CBMCK1-1-0|N|39,gm,11,4,,25,,,,May 17 1760
3,5,7,a|MSMID1-1-20|Q|372,gm,11,2,y,87,,,,May 17 1761
3,5,7,b|CRSOSO-3-40|Q|72,gm,10,3,y,87,,,,May 17 1762
3,6,7,d|JBBLB2-1-20|Q|201,a,15,2,y,,,,,May 17 1763
3,4,8,c|KVEDG1-1-80|Q|288,m,12,2,y,,35,111,2,May 17 1764
3,5,8,e|DVGM-20|Q|132,a,13,4,y,,,,,May 17 1765
3,6,8,e|MAVBEL2-1-20|N|333,m,15,3,,,34,61,2,May 17 1766
3,4,9,c|MAVBEL2-1-20|N|319,gm,15,3,,36,,,,May 17 1767
3,4,9,d|DVGM-20|Q|120,gm,6,3,y,36,,,,May 17 1768
3,5,9,a|VSGARO1-1-0|Q|531,gm,19,3,,38,,,,May 17 1769
3,5,9,a|MAVBEL2-1-20|N|304,gm,15,3,y,38,,,,May 17 1770
3,6,9,c|BWPEM1-9-0|Q|12,m,11,2,y,,41,119,2,May 17 1771
3,4,10,a|CRSOSO-3-40|Q|55,a,13,3,,,,,,May 17 1772
3,6,10,d|MSMID1-1-20|Q|392,m,15,2,y,,42,105,2,May 17 1773
3,4,11,d|MBSGF1-X1|N|i135,a,11,3,,,,,,May 17 1774
3,5,11,c|JBCHY1-1-50|Q|232,m,7,2,y,,39,87,2,May 17 1775
3,6,11,c|SMITH1-1-0|Q|i157,a,11,2,,,,,,May 17 1776
3,4,12,a|SMITH1-1-0|Q|i155,a,13,2,,,,,,May 17 1777
3,6,12,d|CBMCK1-3-60|N|i116,a,10,3,y,,,,,May 17 1778
3,4,13,b|BWPEM1-9-0|Q|5,gm,16,2,,9,,,,May 17 1779
3,4,13,b|CBMCK1-1-0|N|37,gm,14,3,,9,,,,May 17 1780
3,5,13,c|BWPEM1-9-0|Q|14,m,16,2,,,41,67,2,May 17 1781
3,6,13,e|CBMCK1-1-0|N|49,m,0,0,,,50,77,2,May 17 1782
3,4,14,e|BWPEM1-9-0|Q|33,a,16,3,,,,,,May 17 1783
3,5,14,d|BWPEM1-9-0|Q|26,m,5,1,,,33,65,2,May 17 1784
3,6,14,a|MAVELK-1-20|N|i125,a,9,3,,,,,,May 17 1785
3,4,15,e|MAVELK-1-20|N|i128,a,8,3,y,,,,,May 17 1786
3,5,15,c|WSSWM3-1-0|Q|568,m,9,2,y,,60,72,2,May 17 1787
3,6,15,a|WSSWM3-1-0|Q|558,a,9,2,y,,,,,May 17 1788
3,5,16,e|JARI1-1-80|Q|188,a,12,2,y,,,,,May 17 1789
3,6,16,b|WSSWM3-1-0|Q|569,a,4,2,y,,,,,May 17 1790
3,4,17,a|BWPEM1-9-0|Q|2,a,14,2,,,,,,May 17 1791
3,5,17,a|VSGARO1-1-0|Q|533,m,9,3,,,56,131,2,May 17 1792
3,6,17,b|CWRIC2-X2|Q|87,m,8,2,,,19,68,2,May 17 1793
3,4,18,b|KVEDG1-1-80|Q|280,gm,5,2,y,15,,,,May 17 1794
3,4,18,e|JWBOY-2-80|Q|271,gm,13,3,,15,,,,May 17 1795
3,5,18,d|BWPEM1-9-0|Q|19,gm,10,2,,2,,,,May 17 1796
3,5,18,e|SMITH1-20|Q|478,gm,20,4,,2,,,,May 17 1797
3,6,18,c|MSMID1-1-20|Q|389,m,17,2,y,,31,32,2,May 17 1798
3,4,19,d|DVGM-20|Q|125,m,17,3,,,24,59,2,May 17 1799
3,5,19,a|JARI1-1-80|Q|161,gm,8,2,,22,,,,May 17 1800
3,5,19,b|JBBLB2-1-20|Q|203,gm,14,2,,22,,,,May 17 1801
3,6,19,c|BWPEM1-9-0|Q|13,m,9,2,,,47,105,2,May 17 1802
3,4,20,d|BWPEM1-9-0|Q|21,gm,1,2,,5,,,,May 17 1803
3,4,20,b|JBCHY1-1-50|Q|223,gm,9,3,,5,,,,May 17 1804
3,5,20,e|MAVELK-1-20|N|i132,a,9,3,y,,,,,May 17 1805
3,6,20,b|CBMCK1-2-80|N|i108,a,6,1,y,,,,,May 17 1806
3,4,21,b|JARI1-1-80|Q|166,a,12,2,,,,,,May 17 1807
3,5,21,d|MHBUR1-4-20|Q|355,a,15,2,,,,,,May 17 1808
3,6,21,b|CRSOSO-3-40|Q|74,m,12,4,,,31,57,2,May 17 1809
3,4,22,c|BWPEM1-9-0|Q|9,m,14,2,,,31,100,2,May 17 1810
3,5,22,a|WSSWM3-1-0|Q|550,gm,6,2,,50,,,,May 17 1811
3,5,22,a|MSMID1-1-20|Q|369,gm,11,2,,50,,,,May 17 1812
3,6,22,b|EFCC2-4-80|Q|145,a,11,3,,,,,,May 17 1813
3,1,1,a|CWRIC2-X2|Q|84,m,0,0,y,,22,70,2,May 17 1814
3,2,1,c|SMITH1-20|Q|467,a,6,2,,,,,,May 17 1815
3,3,1,a|PDVRT1-20|Q|399,gm,16,3,,65,,,,May 17 1816
3,3,1,a|MSMID1-1-20|Q|373,gm,14,2,,65,,,,May 17 1817
3,1,2,d|RULEB1-20|N|426,a,16,4,,,,,,May 17 1818
3,2,2,e|JWBOY-2-80|Q|263,gm,15,3,,8,,,,May 17 1819
3,2,2,b|BWPEM1-9-0|Q|4,gm,14,2,y,8,,,,May 17 1820
3,3,2,c|MAVELK-1-20|N|i129,a,8,3,,,,,,May 17 1821
3,1,3,a|SMITH1-20|Q|457,a,13,3,,,,,,May 17 1822
3,2,3,c|MHBUR1-4-20|Q|350,a,6,2,,,,,,May 17 1823
3,1,4,d|JBCHY1-1-50|Q|239,gm,7,2,,51,,,,May 17 1824
3,1,4,a|WSSWM3-1-0|Q|554,gm,0,0,,51,,,,May 17 1825
3,2,4,d|VRCAN-1-40|Q|502,gm,11,2,,48,,,,May 17 1826
3,2,4,b|EFCC2-4-80|Q|139,gm,11,3,,48,,,,May 17 1827
3,3,4,b|PDVRT1-20|Q|404,m,14,3,y,,29,70,2,May 17 1828
3,1,5,a|CRSOSO-3-40|Q|57,gm,13,3,,54,,,,May 17 1829
3,1,5,c|WSSWM3-1-0|Q|562,gm,0,0,,54,,,,May 17 1830
3,2,5,b|CWRIC2-X2|Q|85,gm,15,3,,46,,,,May 17 1831
3,2,5,b|EFCC2-4-80|Q|141,gm,13,3,,46,,,,May 17 1832
3,3,5,c|VRPET2-3-20|Q|522,m,5,3,,,40,72,2,May 17 1833
3,1,6,b|BWPEM1-9-0|Q|7,m,12,2,,,17,100,3,May 17 1834
3,2,6,b|JBCHY1-1-50|Q|228,a,15,2,y,,,,,May 17 1835
3,3,6,d|JWBOY-2-80|Q|254,gm,12,3,,35,,,,May 17 1836
3,3,6,c|MAVBEL2-1-20|N|317,gm,17,4,,35,,,,May 17 1837
3,1,7,b|JBCHY1-1-50|Q|224,a,9,2,y,,,,,May 17 1838
3,2,7,a|MAVBEL2-1-20|N|305,m,18,4,,,36,77,2,May 17 1839
3,3,7,e|CBMCK1-2-80|N|i112,a,8,3,y,,,,,May 17 1840
3,1,8,a|CWRIC2-X2|Q|80,m,8,2,,,31,87,2,May 17 1841
3,2,8,c|KVEDG1-1-80|Q|287,m,3,2,,,15,75,2,May 17 1842
3,3,8,b|PDVRT1-20|Q|408,m,13,3,y,,41,117,4,May 17 1843
3,2,9,c|KVEDG1-1-80|Q|289,m,10,2,,,41,98,2,May 17 1844
3,3,9,c|PDVRT1-20|Q|409,m,24,3,,,36,122,2,May 17 1845
3,1,10,d|MAVBEL2-1-20|N|324,a,14,3,y,,,,,May 17 1846
3,2,10,e|SMAKC1-B|N|446,a,22,4,y,,,,,May 17 1847
3,3,10,d|JWBOY-2-80|Q|262,m,16,3,,,32,102,1,May 17 1848
3,1,11,e|JARI1-1-80|Q|170,a,10,2,y,,,,,May 17 1849
3,2,11,c|BWPEM1-9-0|Q|15,m,10,2,,,44,85,1,May 17 1850
3,3,11,c|KVEDG1-1-80|Q|286,gm,19,2,,17,,,,May 17 1851
3,3,11,c|VRCAN-1-40|Q|493,gm,0,0,,17,,,,May 17 1852
3,1,12,e|JBBLB2-1-20|Q|222,a,10,2,,,,,,May 17 1853
3,2,12,e|JBCHY1-1-50|Q|244,m,15,3,y,,23,71,2,May 17 1854
3,3,12,d|VSGARO1-1-0|Q|541,m,18,2,,,43,82,2,May 17 1855
3,2,13,c|PDVRT1-20|Q|413,m,21,3,,,38,107,2,May 17 1856
3,3,13,e|MHBUR1-4-20|Q|348,a,3,2,y,,,,,May 17 1857
3,1,14,c|MSMID1-1-20|Q|386,a,11,2,,,,,,May 17 1858
3,2,14,c|MSMID1-1-20|Q|382,m,15,2,,,39,103,2,May 17 1859
3,3,14,e|MHNAT1-2-0|Q|363,gm,15,2,,55,,,,May 17 1860
3,3,14,c|WSSWM3-1-0|Q|563,gm,15,2,,55,,,,May 17 1861
3,2,15,b|MHNAT1-2-0|Q|364,m,10,2,y,,42,105,2,May 17 1862
3,3,15,d|JWBOY-2-80|Q|258,m,14,3,,,42,71,2,May 17 1863
3,1,16,d|JBCHY1-1-50|Q|237,gm,13,2,,73,,,,May 17 1864
3,1,16,a|MSMID1-1-20|Q|371,gm,18,3,,73,,,,May 17 1865
3,2,16,a|MAVELK-1-20|N|i126,a,11,3,,,,,,May 17 1866
3,3,16,d|JBBLB2-1-20|Q|212,gm,9,2,y,75,,,,May 17 1867
3,3,16,b|JBCHY1-1-50|Q|227,gm,14,3,,75,,,,May 17 1868
3,1,17,b|VRPET2-3-20|Q|511,m,12,3,,,40,110,2,May 17 1869
3,2,17,d|KVEDG1-1-80|Q|294,gm,16,3,,14,,,,May 17 1870
3,2,17,b|MHBUR1-4-20|Q|343,gm,12,2,,14,,,,May 17 1871
3,3,17,e|VSGARO1-1-0|Q|548,a,19,2,y,,,,,May 17 1872
3,1,18,c|BWPEM1-9-0|Q|10,m,8,2,,,40,125,2,May 17 1873
3,2,18,b|MSMID1-1-20|Q|375,gm,17,2,,12,,,,May 17 1874
3,2,18,b|KVEDG1-1-80|Q|278,gm,24,3,,12,,,,May 17 1875
3,3,18,b|DVGM-20|Q|117,m,8,3,,,33,95,2,May 17 1876
3,1,19,e|VSGARO1-1-0|Q|545,a,17,2,,,,,,May 17 1877
3,2,19,a|VRPET2-3-20|Q|507,a,13,3,,,,,,May 17 1878
3,1,20,b|VRPET2-3-20|Q|516,m,4,1,y,,26,75,2,May 17 1879
3,2,20,b|MSMID1-1-20|Q|600,a,9,2,y,,,,,May 17 1880
3,3,20,c|BWPEM1-9-0|Q|16,gm,2,2,y,92,,,,May 17 1881
3,3,20,c|VSGARO1-1-0|Q|535,gm,4,2,,92,,,,May 17 1882
3,1,21,d|JBBLB2-1-20|Q|215,gm,15,2,,4,,,,May 17 1883
3,1,21,d|BWPEM1-9-0|Q|22,gm,22,2,,4,,,,May 17 1884
3,2,21,d|VSGARO1-1-0|Q|539,m,17,2,,,41,95,2,May 17 1885
3,3,21,d|VRCAN-1-40|Q|499,gm,4,2,,81,,,,May 17 1886
3,3,21,a|CBMCK1-1-0|N|34,gm,14,4,y,81,,,,May 17 1887
3,2,22,d|MAVBEL2-1-20|N|322,a,13,3,,,,,,May 17 1888
3,3,22,e|VSGARO1-1-0|Q|544,gm,11,2,y,49,,,,May 17 1889
3,3,22,a|WSSWM3-1-0|Q|551,gm,6,2,,49,,,,May 17 1890
5,1,1,c|MSMID1-2-0|Q|i47,gm,5,2,,112,,,,May 17 1891
5,1,1,a|SMITH1-3-80|Q|i87,gm,10,2,,112,,,,May 17 1892
5,2,1,c|SMITH1-3-80|N|i73,a,13,3,,,,,,May 17 1893
5,3,1,d|KVEDG1-8-60|Q|i18,gm,9,3,,94,,,,May 17 1894
5,3,1,a|MSMID1-2-0|Q|i31,gm,14,2,,94,,,,May 17 1895
5,1,2,d|SMITH1-3-80|N|i77,a,14,3,,,,,,May 17 1896
5,2,2,a|MSMID1-2-0|Q|i30,gm,13,2,,93,,,,May 17 1897
5,2,2,e|KVEDG1-8-60|Q|i22,gm,8,3,,93,,,,May 17 1898
5,3,2,e|KVEDG1-8-60|Q|i28,m,13,3,y,,44,63,2,May 17 1899
5,1,3,e|KVEDG1-8-60|Q|i23,gm,11,3,,113,,,,May 17 1900
5,1,3,b|MSMID1-2-0|Q|i41,gm,4,2,,113,,,,May 17 1901
5,2,3,c|SMITH1-3-80|N|i102,m,11,3,y,,22,65,2,May 17 1902
5,3,3,e|SMITH1-3-80|N|i85,a,14,3,,,,,,May 17 1903
5,1,4,a|SMITH1-3-80|N|i59,gm,9,2,,99,,,,May 17 1904
5,1,4,d|KVEDG1-8-60|Q|i15,gm,12,2,,99,,,,May 17 1905
5,2,4,e|KVEDG1-8-60|Q|i29,gm,13,3,,102,,,,May 17 1906
5,2,4,a|SMITH1-3-80|Q|i89,gm,12,2,,102,,,,May 17 1907
5,3,4,d|SMITH1-3-80|N|i79,gm,16,3,,101,,,,May 17 1908
5,3,4,d|KVEDG1-8-60|Q|i17,gm,10,2,,101,,,,May 17 1909
5,1,5,e|MSMID1-1-20|Q|380,gm,13,2,y,111,,,,May 17 1910
5,1,5,a|SMITH1-3-80|Q|i88,gm,9,2,y,111,,,,May 17 1911
5,2,5,a|SMITH1-3-80|N|i61,a,14,3,,,,,,May 17 1912
5,3,5,e|SMITH1-3-80|N|i84,gm,17,3,y,103,,,,May 17 1913
5,3,5,d|KVEDG1-8-60|Q|i16,gm,13,3,y,103,,,,May 17 1914
5,1,6,a|SMITH1-3-80|Q|i91,gm,11,3,,105,,,,May 17 1915
5,1,6,c|KVEDG1-8-60|Q|i13,gm,14,2,,105,,,,May 17 1916
5,2,6,c|SMITH1-3-80|N|i70,a,18,3,,,,,,May 17 1917
5,3,6,c|KVEDG1-8-60|Q|i11,m,11,2,,,45,97,2,May 17 1918
5,1,7,b|MSMID1-2-0|Q|i400,a,15,2,y,,,,,May 17 1919
5,2,7,c|MSMID1-2-0|Q|i51,m,0,0,,,27,81,2,May 17 1920
5,3,7,b|KVEDG1-8-60|Q|i3,m,9,3,,,35,81,4,May 17 1921
5,1,8,c|SMITH1-3-80|N|i172,m,13,3,y,,41,115,2,May 17 1922
5,2,8,c|KVEDG1-8-60|Q|i12,m,6,2,y,,43,100,2,May 17 1923
5,3,8,e|KVEDG1-8-60|Q|i25,gm,12,2,,97,,,,May 17 1924
5,3,8,b|SMITH1-3-80|Q|i95,gm,8,3,,97,,,,May 17 1925
5,1,9,e|SMITH1-3-80|N|i81,gm,10,2,,107,,,,May 17 1926
5,1,9,a|MSMID1-2-0|Q|i37,gm,18,3,,107,,,,May 17 1927
5,2,9,d|SMITH1-3-80|N|i75,m,16,2,,,41,117,2,May 17 1928
5,3,9,a|MSMID1-2-0|Q|i32,a,11,2,y,,,,,May 17 1929
5,1,10,e|SMITH1-3-80|N|i97,m,15,3,y,,49,129,2,May 17 1930
5,2,10,b|SMITH1-3-80|N|i65,a,16,3,,,,,,May 17 1931
5,3,10,b|SMITH1-3-80|N|i67,m,11,3,,,37,81,2,May 17 1932
5,1,11,b|SMITH1-3-80|N|i66,m,13,3,,,36,80,2,May 17 1933
5,2,11,d|KVEDG1-8-60|Q|i20,a,14,3,y,,,,,May 17 1934
5,3,11,a|KVEDG1-8-60|Q|i1,a,13,3,,,,,,May 17 1935
5,1,12,b|MSMID1-2-0|Q|i40,a,12,2,y,,,,,May 17 1936
5,2,12,b|EFCC2-4-80|Q|144,m,10,3,y,,36,130,2,May 17 1937
5,3,12,d|MSMID1-2-0|Q|i56,a,13,2,y,,,,,May 17 1938
5,1,13,12d|KVEDG1-8-60|Q|i21,a,13,3,,,,,,May 17 1939
5,2,13,?|KVEDG1-8-60|Q|i712,m,11,3,y,,41,71,2,May 17 1940
5,3,13,b|KVEDG1-8-60|Q|i8,m,8,2,y,,25,85,2,May 17 1941
5,4,1,c|SMITH1-3-80|N|i101,a,12,3,y,,,,,May 17 1942
5,5,1,a|MSMID1-2-0|Q|i34,gm,13,3,,104,,,,May 17 1943
5,5,1,e|SMITH1-3-80|N|i83,gm,12,4,,104,,,,May 17 1944
5,6,1,b|MSMID1-2-0|Q|i42,gm,15,2,,114,,,,May 17 1945
5,6,1,e|KVEDG1-8-60|Q|i24,gm,15,3,y,114,,,,May 17 1946
5,4,2,d|KVEDG1-8-60|Q|i19,gm,11,3,,98,,,,May 17 1947
5,4,2,d|SMITH1-3-80|N|i78,gm,9,3,,98,,,,May 17 1948
5,5,2,d|SMITH1-3-80|N|i76,m,11,3,y,,40,93,2,May 17 1949
5,6,2,a|SMITH1-3-80|N|i60,a,10,3,y,,,,,May 17 1950
5,4,3,e|SMITH1-3-80|N|i93,m,14,3,y,,29,88,2,May 17 1951
5,5,3,e|SMITH1-3-80|N|i98,a,14,3,y,,,,,May 17 1952
5,6,3,?|SMITH1-3-80|N|i68,a,12,3,y,,,,,May 17 1953
5,4,4,d|SMITH1-3-80|N|i74,a,12,3,,,,,,May 17 1954
5,5,4,e|SMITH1-3-80|N|i82,gm,14,3,,108,,,,May 17 1955
5,5,4,a|MSMID1-2-0|Q|i38,gm,10,2,,108,,,,May 17 1956
5,6,4,a|SMITH1-3-80|Q|i86,gm,11,2,,110,,,,May 17 1957
5,6,4,e|MSMID1-1-20|Q|376,gm,15,2,y,110,,,,May 17 1958
5,4,5,c|SMITH1-3-80|Q|i105,m,12,3,y,,29,85,2,May 17 1959
5,5,5,b|SMITH1-3-80|Q|i94,gm,11,2,,100,,,,May 17 1960
5,5,5,e|KVEDG1-8-60|Q|i26,gm,13,3,,100,,,,May 17 1961
5,6,5,b|SMITH1-3-80|N|i63,m,13,3,,,23,85,2,May 17 1962
5,4,6,b|SMITH1-3-80|N|i64,m,12,3,y,,33,90,2,May 17 1963
5,5,6,b|KVEDG1-8-60|Q|i5,a,12,3,,,,,,May 17 1964
5,6,6,a|MSMID1-2-0|Q|i35,gm,15,2,,106,,,,May 17 1965
5,6,6,e|SMITH1-3-80|N|i80,gm,13,2,y,106,,,,May 17 1966
5,4,7,b|KVEDG1-8-60|Q|i2,a,12,3,,,,,,May 17 1967
5,5,7,b|KVEDG1-8-60|Q|i7,m,11,3,,,26,86,2,May 17 1968
5,6,7,a|SMITH1-3-80|Q|i90,gm,8,2,,109,,,,May 17 1969
5,6,7,e|MSMID1-1-20|Q|384,gm,9,2,y,109,,,,May 17 1970
5,4,8,c|KVEDG1-8-60|Q|i14,a,5,2,,,,,,May 17 1971
5,5,8,b|KVEDG1-8-60|Q|i9,a,10,2,,,,,,May 17 1972
5,6,8,e|KVEDG1-8-60|Q|i27,m,11,3,,,29,49,2,May 17 1973
5,4,9,a|MSMID1-2-0|Q|i36,a,14,2,y,,,,,May 17 1974
5,5,9,c|SMITH1-3-80|N|i71,m,15,3,,,46,95,2,May 17 1975
5,6,9,a|SMITH1-3-80|Q|i92,a,10,3,y,,,,,May 17 1976
5,4,10,c|MSMID1-2-0|Q|i49,m,0,0,,,50,125,2,May 17 1977
5,5,10,d|MSMID1-2-0|Q|i52,a,7,2,y,,,,,May 17 1978
5,6,10,d|CBMCK1-1-0|N|46,a,12,3,y,,,,,May 17 1979
5,5,11,b|KVEDG1-8-60|Q|i4,m,10,3,y,,25,131,2,May 17 1980
5,6,11,b|KVEDG1-8-60|Q|i6,m,11,2,,,13,79,2,May 17 1981
5,4,12,d|MAVBEL2-1-20|N|323,a,14,3,,,,,,May 17 1982
5,5,12,a|MSMID1-1-20|Q|367,gm,14,2,,43,,,,May 17 1983
5,5,12,c|EFCC2-4-80|Q|147,gm,12,2,,43,,,,May 17 1984
5,6,12,d|MAVELK-1-20|N|i131,a,11,3,,,,,,May 17 1985
5,4,13,d|CWRIC2-X2|Q|97,a,11,3,,,,,,May 17 1986
5,5,13,d|MBSGF1-X1|N|i136,a,8,3,y,,,,,May 17 1987
5,6,13,d|JARI1-1-80|Q|180,m,9,2,y,,34,76,2,May 17 1988
5,4,11,maple-cnt|15,mcnt,,,,,45,103,2,May 17 1989
4,2,3,maple-cnt|16,mcnt,,,,,47,105,2,May 17 1990
4,6,3,maple-cnt|22,mcnt,,,,,43,88,2,May 17 1991
4,5,7,maple-cnt|23,mcnt,,,,,36,117,2,May 17 1992
4,3,11,maple-cnt|24,mcnt,,,,,38,75,2,May 17 1993
4,2,15,maple-cnt|30,mcnt,,,,,62,90,2,May 17 1994
4,5,16,maple-cnt|31,mcnt,,,,,37,114,2,May 17 1995
4,2,18,maple-cnt|7,mcnt,,,,,27,93,2,May 17 1996
4,4,21,maple-cnt|5,mcnt,,,,,47,70,2,May 17 1997
3,3,3,maple-cnt|3,mcnt,,,,,28,104,2,May 17 1998
3,1,9,maple-cnt|20,mcnt,,,,,39,117,2,May 17 1999
3,5,10,maple-cnt|18,mcnt,,,,,33,77,2,May 17 2000
3,5,12,maple-cnt|6,mcnt,,,,,46,115,2,May 17 2001
3,1,13,maple-cnt|9,mcnt,,,,,39,100,2,May 17 2002
3,1,15,maple-cnt|8,mcnt,,,,,58,85,3,May 17 2003
3,4,16,maple-cnt|1,mcnt,,,,,37,85,2,May 17 2004
3,3,19,maple-cnt|14,mcnt,,,,,39,105,2,May 17 2005
2,6,2,maple-cnt|13,mcnt,,,,,34,55,2,May 17 2006
2,5,4,maple-cnt|4,mcnt,,,,,42,80,3,May 17 2007
2,2,8,maple-cnt|25,mcnt,,,,,35,114,2,May 17 2008
2,5,8,maple-cnt|12,mcnt,,,,,24,60,2,May 17 2009
2,3,12,maple-cnt|21,mcnt,,,,,44,75,2,May 17 2010
2,4,15,maple-cnt|2,mcnt,,,,,30,110,2,May 17 2011
2,1,17,maple-cnt|29,mcnt,,,,,41,46,2,May 17 2012
2,6,17,maple-cnt|10,mcnt,,,,,54,92,2,May 17 2013
2,3,21,maple-cnt|11,mcnt,,,,,39,145,4,May 17 2014
1,3,4,maple-cnt|27,mcnt,,,,,24,109,2,May 17 2015
1,4,7,maple-cnt|17,mcnt,,,,,49,95,2,May 17 2016
1,6,9,maple-cnt|19,mcnt,,,,,40,100,2,May 17 2017
1,3,16,maple-cnt|28,mcnt,,,,,46,117,2,May 17 2018
1,4,19,maple-cnt|26,mcnt,,,,,36,65,2,May 17 2019
4,4,1,d|BWPEM1-9-0|Q|25,gm,9,2,,7,,,,
4,4,1,d|SMAKC1-B|N|442,gm,18,3,,7,,,,
4,5,1,e|WSSWM3-1-0|Q|573,m,2,2,,,32,85,1,
4,6,1,a|KVEDG1-1-80|Q|277,m,16,3,,,24,62,2,
4,4,2,b|KVEDG1-1-80|Q|281,gm,9,2,,16,,,,
4,4,2,d|VRPET2-3-20|Q|526,gm,19,3,,16,,,,
4,5,2,c|JBCHY1-1-50|Q|233,a,11,2,,,,,,
4,6,2,d|CWRIC2-X2|Q|96,m,8,3,,,36,90,2,
4,4,3,b|JBBLB2-1-20|Q|200,m,4,2,,,41,124,2,
4,5,3,a|SMITH1-20|Q|454,a,12,2,,,,,,
4,4,4,e|JBCHY1-1-50|Q|240,gm,10,3,y,77,,,,
4,4,4,c|VSGARO1-1-0|Q|536,gm,12,2,,77,,,,
4,5,4,e|JBBLB2-1-20|Q|219,a,4,2,,,,,,
4,6,4,c|MSMID1-1-20|G381,a,12,2,a,,,,,
4,4,5,b|SMAKC1-B|N|439,m,18,3,,,31,106,2,
4,5,5,e|MSMID1-1-20|Q|602,m,14,2,y,,44,70,2,
4,6,5,b|MSMID1-1-20|Q|379,a,7,2,,,,,,
4,4,6,c|MHBUR1-4-20|Q|336,m,15,3,y,,38,82,2,
4,5,6,a|MAVELK-1-20|N|i127,a,12,3,,,,,,
4,6,6,a|DVGM-20|Q|102,gm,18,4,,30,,,,
4,6,6,d|JARI1-1-80|Q|183,gm,7,2,,30,,,,
4,4,7,c|VRPET2-3-20|Q|523,a,7,2,,,,,,
4,6,7,b|MAVBEL2-1-20|N|314,gm,9,3,,3,,,,
4,6,7,d|BWPEM1-9-0|Q|23,gm,13,2,,3,,,,
4,4,8,a|KVEDG1-1-80|Q|272,a,13,3,y,,,,,
4,5,8,b|JARI1-1-80|Q|164,gm,14,2,y,10,,,,
4,5,8,b|BWPEM1-9-0|Q|6,gm,13,2,,10,,,,
4,6,8,a|WSSWM3-1-0|Q|549,gm,16,2,,1,,,,
4,6,8,d|BWPEM1-9-0|Q|24,gm,16,2,y,1,,,,
4,4,9,a|KVEDG1-1-80|Q|273,a,10,3,,,,,,
4,5,9,d|VRPET2-3-20|Q|528,gm,15,3,y,69,,,,
4,5,9,b|CRSOSO-3-40|Q|70,gm,12,3,,69,,,,
4,6,9,c|MHBUR1-4-20|Q|339,m,9,2,y,,46,83,2,
4,4,10,e|KVEDG1-1-80|Q|302,a,6,2,,,,,,
4,5,10,b|DVGM-20|Q|111,gm,12,3,,61,,,,
4,5,10,e|CRSOSO-3-40|Q|50,gm,19,5,,61,,,,
4,6,10,c|VRPET2-3-20|Q|517,a,10,3,,,,,,
4,4,11,e|KVEDG1-1-80|Q|300,a,7,2,y,,,,,
4,5,11,e|KVEDG1-1-80|Q|299,a,9,2,,,,,,
4,6,11,c|DSGAR1-3-60|V|i119,a,9,3,,,,,,
4,4,12,e|MAVELK-1-20|N|i130,a,9,2,y,,,,,
4,5,12,b|CRSOSO-3-40|Q|71,gm,11,3,,86,,,,
4,5,12,e|CWRIC2-X2|Q|101,gm,12,3,,86,,,,
4,6,12,e|JARI1-1-80|Q|186,a,6,2,,,,,,
4,4,13,c|MHNAT1-2-0|Q|360,a,16,2,y,,,,,
4,5,13,d|CRSOSO-3-40|Q|67,m,11,3,,,35,73,3,
4,6,13,e|KVEDG1-1-80|Q|303,a,0,0,,,,,,
4,4,14,b|EFCC2-4-80|Q|138,gm,10,2,,45,,,,
4,4,14,e|JBBLB2-1-20|Q|217,gm,18,2,,45,,,,
4,5,14,b|VRCAN-1-40|Q|485,a,9,2,,,,,,
4,6,14,b|MHBUR1-4-20|Q|345,a,7,2,,,,,,
4,4,15,e|RULEB1-20|N|429,m,9,4,,,26,83,2,
4,5,15,c|CWRIC2-X2|Q|91,gm,13,2,,89,,,,
4,5,15,c|JBBLB2-1-20|Q|210,gm,19,2,,89,,,,
4,6,15,e|CRSOSO-3-40|Q|53,gm,15,3,,19,,,,
4,6,15,c|KVEDG1-1-80|Q|292,gm,16,2,y,19,,,,
4,4,16,c|CBMCK1-2-80|N|i111,a,13,3,,,,,,
4,6,16,b|KVEDG1-1-80|Q|279,gm,19,3,,13,,,,
4,6,16,e|DVGM-20|Q|127,gm,15,4,,13,,,,
4,4,17,e|KVEDG1-1-80|Q|301,a,12,2,,,,,,
4,5,17,c|PDVRT1-20|Q|414,a,12,4,,,,,,
4,6,17,a|KVEDG1-1-80|Q|275,a,11,3,,,,,,
4,4,18,a|BWPEM1-9-0|Q|1,a,13,3,,,,,,
4,5,18,c|JBBLB2-1-20|Q|207,gm,14,3,,63,,,,
4,5,18,a|PDVRT1-20|Q|403,gm,14,3,,63,,,,
4,6,18,d|MSMID1-1-20|Q|388,m,4,2,,,41,106,4,
4,4,19,c|JWBOY-2-80|Q|253,a,14,3,,,,,,
4,5,19,c|MSMID1-1-20|Q|387,m,11,2,,,41,100,2,
4,6,19,d|MSMID1-1-20|Q|395,m,11,2,,,39,107,2,
4,4,20,b|JBCHY1-1-50|Q|226,gm,9,2,,74,,,,
4,4,20,c|CWRIC2-X2|Q|94,gm,10,2,,74,,,,
4,5,20,d|JBBLB2-1-20|Q|214,gm,9,2,,90,,,,
4,5,20,a|MSMID1-1-20|Q|375,gm,9,2,y,90,,,,
4,6,20,b|VRCAN-1-40|Q|486,m,3,2,,,31,81,2,
4,5,21,c|PDVRT1-20|Q|410,a,19,3,,,,,,
4,6,21,b|WSSWM3-1-0|?|?,m,0,0,y,,41,81,2,
4,4,22,b|JBCHY1-1-50|Q|242,m,16,3,y,,32,116,3,
4,5,22,d|JBCHY1-1-50|Q|273,gm,16,3,y,56,,,,
4,5,22,a|DVGM-20|Q|107,gm,12,3,,56,,,,
4,6,22,e|VRCAN-1-40|Q|504,a,14,3,y,,,,,
4,1,1,b|WSSWM3-3-80|V|i161,a,11,3,,,,,,
4,2,1,a|SMAKC1-B|N|432,m,13,3,y,,25,56,2,
4,3,1,d|VSGARO1-1-0|Q|543,a,6,2,,,,,,
4,1,2,b|MHNAT1-2-0|Q|357,a,9,2,,,,,,
4,2,2,b|SMAKC1-B|N|437,m,14,3,,,26,84,2,
4,3,2,d|KVEDG1-1-80|Q|296,m,8,2,y,,29,72,2,
4,1,3,e|JBBLB2-1-20|Q|216,gm,17,3,y,40,,,,
4,1,3,b|MAVBEL2-1-20|N|313,gm,9,3,,40,,,,
4,3,3,c|CWRIC2-X2|Q|90,gm,14,2,,57,,,,
4,3,3,a|DVGM-20|Q|110,gm,14,5,,57,,,,
4,1,4,d|WSSWM3-1-0|Q|570,gm,21,3,,31,,,,
4,1,4,d|JARI1-1-80|Q|181,gm,12,2,,31,,,,
4,2,4,e|JARI1-1-80|Q|185,m,2,2,,,35,96,4,
4,3,4,c|SMITH1-1-0|Q|i156,a,10,2,y,,,,,
4,1,5,b|SMITH1-20|Q|460,a,16,3,y,,,,,
4,2,5,a|NSLJU1-4-0|V|i138,a,17,3,,,,,,
4,3,5,b|WSSWM3-1-0|Q|561,gm,6,2,,52,,,,
4,3,5,b|MHBUR1-4-20|Q|342,gm,17,2,,52,,,,
4,1,6,c|CBMCK1-1-0|N|43,a,17,3,,,,,,
4,2,6,d|LGESC1-3-60|V|i124,a,10,3,y,,,,,
4,3,6,e|WSSWM3-1-0|Q|571,gm,10,2,,53,,,,
4,3,6,d|JBBLB2-1-20|Q|211,gm,3,2,,53,,,,
4,1,7,b|MHNAT1-2-0|Q|359,m,11,2,,,44,81,2,
4,2,7,c|EFCC2-4-80|Q|152,m,7,2,y,,42,66,2,
4,3,7,c|KVEDG1-1-80|Q|285,m,14,2,,,46,83,2,
4,1,8,a|JBBLB2-1-20|Q|198,m,11,2,,,47,92,4,
4,2,8,c|CBMCK1-1-0|N|41,gm,16,3,,44,,,,
4,2,8,c|EFCC2-4-80|Q|150,gm,0,0,,44,,,,
4,3,8,b|RULEB1-20|N|424,a,8,4,y,,,,,
4,1,9,a|MSMID1-1-20|Q|366,gm,18,2,,6,,,,
4,1,9,d|BWPEM1-9-0|Q|18,gm,8,2,,6,,,,
4,2,9,c|VRPET2-3-20|Q|521,m,11,3,,,37,116,2,
4,3,9,b|VRPET2-3-20|Q|510,m,16,3,,,35,129,3,
4,1,10,e|JBCHY1-1-50|Q|241,a,14,3,,,,,,
4,2,10,c|EFCC2-4-80|Q|151,gm,10,2,,41,,,,
4,2,10,b|VRPET2-3-20|Q|513,gm,3,2,,41,,,,
4,3,10,c|EFCC2-4-80|Q|146,gm,13,2,,42,,,,
4,3,10,a|PDVRT1-20|Q|401,gm,12,2,,42,,,,
4,1,11,e|RULEB1-20|N|428,m,16,4,y,,39,80,2,
4,2,11,d|CRSOSO-3-40|Q|68,a,11,3,y,,,,,
4,1,12,e|PDVRT1-20|Q|420,a,16,3,y,,,,,
4,2,12,d|CBMCK1-3-60|N|i117,a,13,3,,,,,,
4,3,12,e|DVGM-20|Q|128,gm,19,3,y,11,,,,
4,3,12,b|BWPEM1-9-0|Q|8,gm,4,2,y,11,,,,
4,1,13,e|DVGM-20|Q|129,a,12,4,,,,,,
4,2,13,a|SMITH1-20|Q|452,a,12,2,y,,,,,
4,3,13,b|CRSOSO-3-40|Q|69,gm,20,2,,33,,,,
4,3,13,c|MAVBEL2-1-20|N|318,gm,12,3,,33,,,,
4,1,14,e|SMITH1-1-0|Q|i158,a,9,3,,,,,,
4,2,14,e|JBCHY1-1-50|?,m,7,3,y,,53,104,2,